1,소나기,아이오아이 (I.O.I),R&B,2020-04-05,image1,file1,lyrics1,0
2,미워요,정인,트로트,2020-04-06,image2,file2,lyrics2,0
3,신촌을 못가,포스트맨 (Postmen),발라드,2020-04-07,image3,file3,lyrics3,0
4,가질수 없는 너,뱅크,R&B,2020-04-08,image4,file4,lyrics4,0
5,술 한잔 해요,지아 (Zia),R&B,2020-04-08,image5,file5,lyrics5,0
6,눈의 꽃,박효신,힙합,2020-04-08,image6,file6,lyrics6,0
7,지우개,알리 (Ali),힙합,2020-04-08,image7,file7,lyrics7,0
8,오르막길,"정인, 윤종신",힙합,2020-04-12,image8,file8,lyrics8,0
9,그녀를 찾아주세요,더 네임 (The Name),댄스,2020-04-13,image9,file9,lyrics9,0
10,걱정말아요 그대,이적,발라드,2020-04-14,image10,file10,lyrics10,0
11,물감,문문 (MoonMoon),트로트,2020-04-15,image11,file11,lyrics11,0
12,인연,이선희,R&B,2020-04-16,image12,file12,lyrics12,0
13,바람기억,나얼,힙합,2020-04-17,image13,file13,lyrics13,0
14,겨울을 걷는다,윤딴딴,힙합,2020-04-18,image14,file14,lyrics14,0
15,보고싶다,김범수,기타,2020-04-19,image15,file15,lyrics15,0
16,바보에게... 바보가,박명수,트로트,2020-04-20,image16,file16,lyrics16,0
17,퇴근버스,이준호,인디,2020-04-20,image17,file17,lyrics17,0
18,내가 저지른 사랑,임창정,댄스,2020-04-20,image18,file18,lyrics18,0
19,행복하지 말아요,엠씨더맥스 (M.C The Max),R&B,2020-04-23,image19,file19,lyrics19,0
20,야생화,박효신,기타,2020-04-24,image20,file20,lyrics20,0
21,가시,버즈 (Buzz),댄스,2020-04-25,image21,file21,lyrics21,0
22,이 소설의 끝을 다시 써보려 해,한동근,댄스,2020-04-26,image22,file22,lyrics22,0
23,체념,빅마마 (Big Mama),기타,2020-04-27,image23,file23,lyrics23,0
24,스토커,10cm,트로트,2020-04-28,image24,file24,lyrics24,0
25,Tears,소찬휘,댄스,2020-04-29,image25,file25,lyrics25,0
26,One Love,엠씨더맥스 (M.C The Max),댄스,2020-04-30,image26,file26,lyrics26,0
27,Hello,허각,힙합,2020-04-30,image27,file27,lyrics27,0
28,그대라는 사치,한동근,발라드,2020-04-30,image28,file28,lyrics28,0
29,응급실,이지 (izi),인디,2020-05-03,image29,file29,lyrics29,0
30,소주 한잔,임창정,인디,2020-05-04,image30,file30,lyrics30,0
31,안아줘,정준일,인디,2020-05-05,image31,file31,lyrics31,0
32,Marry Me,구윤회,트로트,2020-05-06,image32,file32,lyrics32,0
33,키보드 (Prod. By Hansen),기리보이 (Giriboy),일레트로닉,2020-05-06,image33,file33,lyrics33,0
34,Believer,Imagine Dragons,일레트로닉,2020-05-06,image34,file34,lyrics34,0
35,If You Were Me,벤(Ben),힙합,2020-05-09,image35,file35,lyrics35,0
36,Wow Thing,"슬기 (SEULGI), 신비, 청하, 소연",댄스,2020-05-10,image36,file36,lyrics36,0
37,Perfect,10cm,인디,2020-05-11,image37,file37,lyrics37,0
38,정인 (情人),세정,트로트,2020-05-12,image38,file38,lyrics38,0
39,이별하러 가는 길,임한별,댄스,2020-05-13,image39,file39,lyrics39,0
40,IndiGO,"저스디스 (JUSTHIS), Kid Milli, NO:EL, 영비 (Young B)",R&B,2020-05-14,image40,file40,lyrics40,0
41,열애중 (답가),하은,트로트,2020-05-15,image41,file41,lyrics41,0
42,유재석 (prod. 진대호),빈첸 (VINXEN),발라드,2020-05-16,image42,file42,lyrics42,0
43,별 (Feat. 김종완 of 넬) (prod.BOYCOLD),빈첸 (VINXEN),일레트로닉,2020-05-17,image43,file43,lyrics43,0
44,도망가지마,모트 (Motte),트로트,2020-05-18,image44,file44,lyrics44,0
45,가을 타나 봐,바이브 (Vibe),힙합,2020-05-18,image45,file45,lyrics45,0
46,하루도 그대를 사랑하지 않은 적이 없었다,임창정,기타,2020-05-18,image46,file46,lyrics46,0
47,우리 그만하자,로이킴,R&B,2020-05-18,image47,file47,lyrics47,0
48,지워져,거미,기타,2020-05-18,image48,file48,lyrics48,0
49,사랑에 아파본 적 있나요,스탠딩 에그 (Standing Egg),댄스,2020-05-18,image49,file49,lyrics49,0
50,셀 수 없는 (Countless),샤이니 (SHINee),R&B,2020-05-18,image50,file50,lyrics50,0
51,We Young,"찬열, 세훈",R&B,2020-05-18,image51,file51,lyrics51,0
52,V,박재범,기타,2020-05-18,image52,file52,lyrics52,0
53,노래,김동률,기타,2020-05-27,image53,file53,lyrics53,0
54,불꽃놀이 (Remember Me),오마이걸 (OH MY GIRL),발라드,2020-05-28,image54,file54,lyrics54,0
55,잘 지내요,정승환,기타,2020-05-29,image55,file55,lyrics55,0
56,헤어지는 중,펀치 (Punch),기타,2020-05-30,image56,file56,lyrics56,0
57,사이렌 (Siren),선미,R&B,2020-05-31,image57,file57,lyrics57,0
58,너만 괜찮다면,남우현,댄스,2020-05-31,image58,file58,lyrics58,0
59,We Go Up,NCT DREAM,인디,2020-05-31,image59,file59,lyrics59,0
60,"NOAH (Feat. 박재범, Hoody)",김하온 (HAON),힙합,2020-05-31,image60,file60,lyrics60,0
61,See You Again (Feat. 리처드 용재 오닐),백지영,댄스,2020-06-04,image61,file61,lyrics61,0
62,몰랐니 (Lil’ Touch),소녀시대-Oh!GG,일레트로닉,2020-06-05,image62,file62,lyrics62,0
63,사이렌(Siren),선미,힙합,2020-06-06,image63,file63,lyrics63,0
64,Kiss Me Like That,신화,일레트로닉,2020-06-06,image64,file64,lyrics64,0
65,AND I,뉴이스트 W,일레트로닉,2020-06-06,image65,file65,lyrics65,0
66,YOUNG,"백현 (BAEKHYUN), 로꼬",기타,2020-06-09,image66,file66,lyrics66,0
67,Vacation (Feat. SOLE),개코 (GAEKO),트로트,2020-06-10,image67,file67,lyrics67,0
68,늘 그대,"양희은, 성시경",발라드,2020-06-11,image68,file68,lyrics68,0
69,I AM,새벽 한 시,인디,2020-06-12,image69,file69,lyrics69,0
70,IDOL (Feat. Nicki Minaj),방탄소년단,인디,2020-06-13,image70,file70,lyrics70,0
71,스무살이 왜이리 능글맞아 (Feat. 숀 (SHAUN)),오반 (OVAN),트로트,2020-06-13,image71,file71,lyrics71,0
72,다시 만나 (See you again),약속,인디,2020-06-13,image72,file72,lyrics72,0
73,Serendipity (Full Length Edition),방탄소년단,힙합,2020-06-13,image73,file73,lyrics73,0
74,미워도 다시 한 번,벤(Ben),인디,2020-06-17,image74,file74,lyrics74,0
75,1000%,Summer Wish,트로트,2020-06-18,image75,file75,lyrics75,0
76,Rollin` Rollin`,러브포션,힙합,2020-06-19,image76,file76,lyrics76,0
77,Trivia 承 : Love,방탄소년단,일레트로닉,2020-06-20,image77,file77,lyrics77,0
78,Trivia 轉 : Seesaw,방탄소년단,힙합,2020-06-20,image78,file78,lyrics78,0
79,왜 몰랐을까,로이킴,인디,2020-06-20,image79,file79,lyrics79,0
80,너에게 닿기를 (To reach you),기억 조작단,발라드,2020-06-23,image80,file80,lyrics80,0
81,Power,EXO,기타,2020-06-24,image81,file81,lyrics81,0
82,어디에도,엠씨더맥스 (M.C The Max),트로트,2020-06-25,image82,file82,lyrics82,0
83,HOLIDAY (Feat. DPR LIVE),수지,힙합,2020-06-26,image83,file83,lyrics83,0
84,덜덜덜,EXID,힙합,2020-06-27,image84,file84,lyrics84,0
85,Ko Ko Bop,EXO,댄스,2020-06-28,image85,file85,lyrics85,0
86,눈 (Feat. 이문세),자이언티(Zion.T),일레트로닉,2020-06-29,image86,file86,lyrics86,0
87,별,양요섭,R&B,2020-06-30,image87,file87,lyrics87,0
88,겨울소리,박효신,일레트로닉,2020-07-01,image88,file88,lyrics88,0
89,애쓰지 마요,박보람,힙합,2020-07-02,image89,file89,lyrics89,0
90,고민보다 Go,방탄소년단,인디,2020-07-03,image90,file90,lyrics90,0
91,팔레트 (Feat. G-DRAGON),아이유 (IU),인디,2020-07-04,image91,file91,lyrics91,0
92,다시 쓰고 싶어,에일리 (Ailee),힙합,2020-07-05,image92,file92,lyrics92,0
93,매일 듣는 노래 (A Daily Song),황치열,일레트로닉,2020-07-05,image93,file93,lyrics93,0
94,한숨,이하이,트로트,2020-07-05,image94,file94,lyrics94,0
95,Blue,볼빨간 사춘기,일레트로닉,2020-07-05,image95,file95,lyrics95,0
96,미안해,양다일,R&B,2020-07-09,image96,file96,lyrics96,0
97,그 사람을 아나요,임창정,기타,2020-07-10,image97,file97,lyrics97,0
98,Closer (Feat. Halsey),The Chainsmokers,일레트로닉,2020-07-11,image98,file98,lyrics98,0
99,Universe,EXO,힙합,2020-07-12,image99,file99,lyrics99,0
100,Thunder,Imagine Dragons,인디,2020-07-13,image100,file100,lyrics100,0
101,바람이 불었으면 좋겠어,길구봉구,인디,2020-07-14,image101,file101,lyrics101,0
102,에너제틱 (Energetic),Wanna One (워너원),힙합,2020-07-15,image102,file102,lyrics102,0
103,REALLY REALLY,위너(WINNER),인디,2020-07-16,image103,file103,lyrics103,0
104,비밀정원,오마이걸 (OH MY GIRL),일레트로닉,2020-07-17,image104,file104,lyrics104,0
105,나의 사춘기에게,볼빨간 사춘기,인디,2020-07-18,image105,file105,lyrics105,0
106,네가 없는 곳,양요섭,일레트로닉,2020-07-19,image106,file106,lyrics106,0
107,고맙다,세븐틴,댄스,2020-07-20,image107,file107,lyrics107,0
108,마지막처럼,BLACKPINK,인디,2020-07-20,image108,file108,lyrics108,0
109,짙어져,멜로망스(MeloMance),발라드,2020-07-20,image109,file109,lyrics109,0
110,바보야,허각,인디,2020-07-20,image110,file110,lyrics110,0
111,Lonely (Feat. 태연),종현 (JONGHYUN),일레트로닉,2020-07-24,image111,file111,lyrics111,0
112,연애소설 (Feat. 아이유),에픽하이 (EPIK HIGH),댄스,2020-07-25,image112,file112,lyrics112,0
113,오늘밤도,펀치 (Punch),힙합,2020-07-26,image113,file113,lyrics113,0
114,비가 온다,정승환,R&B,2020-07-27,image114,file114,lyrics114,0
115,빨간 맛 (Red Flavor),레드벨벳(Red Velvet),힙합,2020-07-28,image115,file115,lyrics115,0
116,빛 (Hope),H.O.T,발라드,2020-07-29,image116,file116,lyrics116,0
117,가시나,선미,기타,2020-07-30,image117,file117,lyrics117,0
118,노력,박원,힙합,2020-07-31,image118,file118,lyrics118,0
119,봄날,방탄소년단,일레트로닉,2020-08-01,image119,file119,lyrics119,0
120,Beautiful,Wanna One (워너원),기타,2020-08-02,image120,file120,lyrics120,0
121,첫눈처럼 너에게 가겠다,에일리 (Ailee),힙합,2020-08-02,image121,file121,lyrics121,0
122,"그때의 나, 그때의 우리",어반 자카파 (Urban Zakapa),기타,2020-08-02,image122,file122,lyrics122,0
123,후유증,"김희철, 민경훈",기타,2020-08-02,image123,file123,lyrics123,0
124,비도 오고 그래서 (Feat. 신용재),헤이즈 (Heize),R&B,2020-08-06,image124,file124,lyrics124,0
125,There`s Nothing Holdin` Me Back,Shawn Mendes,트로트,2020-08-07,image125,file125,lyrics125,0
126,썸 탈꺼야,볼빨간 사춘기,R&B,2020-08-08,image126,file126,lyrics126,0
127,너 없는 시간들,다비치,트로트,2020-08-09,image127,file127,lyrics127,0
128,True Love,김성규,트로트,2020-08-09,image128,file128,lyrics128,0
129,You,멜로망스(MeloMance),기타,2020-08-09,image129,file129,lyrics129,0
130,좋아,"윤종신, 민서",발라드,2020-08-12,image130,file130,lyrics130,0
131,눈 떠보니 이별이더라,포맨 (4Men),일레트로닉,2020-08-13,image131,file131,lyrics131,0
132,시차 (We Are) (Feat. 로꼬 & GRAY),우원재,기타,2020-08-14,image132,file132,lyrics132,0
133,가을 안부,먼데이키즈 (Monday Kiz),힙합,2020-08-15,image133,file133,lyrics133,0
134,그리워하다,비투비 (BTOB),R&B,2020-08-16,image134,file134,lyrics134,0
135,답장,김동률,힙합,2020-08-17,image135,file135,lyrics135,0
136,기억의 빈자리,나얼,트로트,2020-08-18,image136,file136,lyrics136,0
137,피카부 (Peek-A-Boo),레드벨벳(Red Velvet),R&B,2020-08-19,image137,file137,lyrics137,0
138,밤편지,아이유 (IU),힙합,2020-08-20,image138,file138,lyrics138,0
139,Shape of You,Ed Sheeran,R&B,2020-08-21,image139,file139,lyrics139,0
140,My Way,이수,트로트,2020-08-22,image140,file140,lyrics140,0
141,LIKEY,TWICE,트로트,2020-08-23,image141,file141,lyrics141,0
142,DNA,방탄소년단,힙합,2020-08-24,image142,file142,lyrics142,0
143,다른사람을 사랑하고 있어,수지,댄스,2020-08-24,image143,file143,lyrics143,0
144,all of my life,박원,일레트로닉,2020-08-24,image144,file144,lyrics144,0
145,좋니,윤종신,힙합,2020-08-27,image145,file145,lyrics145,0
146,이 별,길구봉구,R&B,2020-08-28,image146,file146,lyrics146,0
147,Heart Shaker,TWICE,발라드,2020-08-29,image147,file147,lyrics147,0
148,밤이 되니까,펀치 (Punch),발라드,2020-08-30,image148,file148,lyrics148,0
149,#첫사랑,볼빨간 사춘기,발라드,2020-08-31,image149,file149,lyrics149,0
150,instagram,DEAN,발라드,2020-09-01,image150,file150,lyrics150,0
151,주인공,선미,인디,2020-09-02,image151,file151,lyrics151,0
152,비행운,문문 (MoonMoon),댄스,2020-09-03,image152,file152,lyrics152,0
153,눈사람,정승환,인디,2020-09-04,image153,file153,lyrics153,0
154,HandClap,Fitz & The Tantrums,댄스,2020-09-04,image154,file154,lyrics154,0
155,선물,멜로망스(Melomance),트로트,2020-09-04,image155,file155,lyrics155,0
156,Havana (Feat. Young Thug),Camila Cabello,발라드,2020-09-07,image156,file156,lyrics156,0
157,Roller Coaster,청하,발라드,2020-09-08,image157,file157,lyrics157,0
158,Bad Boy,레드벨벳(Red Velvet),트로트,2020-09-09,image158,file158,lyrics158,0
159,그날처럼,장덕철,발라드,2020-09-10,image159,file159,lyrics159,0
160,그때 헤어지면 돼,로이킴,발라드,2020-09-11,image160,file160,lyrics160,0
161,뿜뿜,모모랜드 (MOMOLAND),댄스,2020-09-12,image161,file161,lyrics161,0
162,붕붕 (Feat. Sik-K) (Prod. GroovyRoom),김하온 (HAON),발라드,2020-09-13,image162,file162,lyrics162,0
163,Adios (Prod. BOYCOLD),김하온 (HAON),인디,2020-09-14,image163,file163,lyrics163,0
164,花요일 (Blooming Day),EXO-CBX (첸백시),트로트,2020-09-15,image164,file164,lyrics164,0
165,What is Love?,TWICE,댄스,2020-09-16,image165,file165,lyrics165,0
166,LA LA,WINNER,일레트로닉,2020-09-17,image166,file166,lyrics166,0
167,여보세요 (HELLO),WINNER,일레트로닉,2020-09-18,image167,file167,lyrics167,0
168,예뻤더라 (WE WERE),WINNER,인디,2020-09-19,image168,file168,lyrics168,0
169,아름다운 (Feat. 헤이즈),신용재,일레트로닉,2020-09-20,image169,file169,lyrics169,0
170,탓 (Prod. BOYCOLD),이병재 (Vinxen),발라드,2020-09-20,image170,file170,lyrics170,0
171,그대니까요,다비치,일레트로닉,2020-09-20,image171,file171,lyrics171,0
172,MADMAX (Feat. Woodie Gochild) (Prod. GroovyRoom),박준호 (PULLIK),기타,2020-09-20,image172,file172,lyrics172,0
173,손만 잡고 자자 (TURN OFF THE LIGHT) (MINO SOLO),WINNER,발라드,2020-09-24,image173,file173,lyrics173,0
174,넋두리,닐로 (Nilo),트로트,2020-09-25,image174,file174,lyrics174,0
175,AIR,WINNER,발라드,2020-09-26,image175,file175,lyrics175,0
176,"Young Wave (Feat. 행주, 보이비)",오담률 (CHIN CHILLA),발라드,2020-09-27,image176,file176,lyrics176,0
177,내일해,EXID,발라드,2020-09-28,image177,file177,lyrics177,0
178,EVERYDAY,WINNER,일레트로닉,2020-09-29,image178,file178,lyrics178,0
179,봄이 좋냐??,10cm,R&B,2020-09-30,image179,file179,lyrics179,0
180,매일 봐요,마마무 (Mamamoo),기타,2020-10-01,image180,file180,lyrics180,0
181,하루끝엔 그대가 있어요,한동근,인디,2020-10-02,image181,file181,lyrics181,0
182,Someone like you,EXO-CBX (첸백시),힙합,2020-10-03,image182,file182,lyrics182,0
183,널 부르는 밤,나얼,R&B,2020-10-04,image183,file183,lyrics183,0
184,봄 사랑 벚꽃 말고,"HIGH4, 아이유 (IU)",힙합,2020-10-05,image184,file184,lyrics184,0
185,남겨둘게 (Feat. 헤이즈),키썸 (Kisum),힙합,2020-10-06,image185,file185,lyrics185,0
186,그럴 수밖에,김동률,인디,2020-10-07,image186,file186,lyrics186,0
187,지나오다,닐로 (Nilo),힙합,2020-10-08,image187,file187,lyrics187,0
188,바코드 (Prod. GroovyRoom),"김하온 (HAON), 이병재 (Vinxen)",기타,2020-10-09,image188,file188,lyrics188,0
189,운명 (The Chance of Love),동방신기,R&B,2020-10-10,image189,file189,lyrics189,0
190,"Like It (Feat. 행주, 보이비)","배연서 (WEBSTER B), 윤진영(Clloud)",R&B,2020-10-11,image190,file190,lyrics190,0
191,비,폴킴,인디,2020-10-12,image191,file191,lyrics191,0
192,어린 왕자 (Prod. Godic),"김하온(HAON), 박준호(PULLIK)",일레트로닉,2020-10-13,image192,file192,lyrics192,0
193,껍데기는 가,"김근수, 조원우 (H2ADIN)", Every Moment),2020-10-14,발라드,file193,lyrics193,0
194,"모든 날, 모든 순간 (Every day, Every Moment)",폴킴,R&B,2020-10-15,image194,file194,lyrics194,0
195,약속해요 (고백 Ver.),Wanna One (워너원),댄스,2020-10-16,image195,file195,lyrics195,0
196,WE ARE,Wanna One (워너원),R&B,2020-10-17,image196,file196,lyrics196,0
197,보여,Wanna One (워너원),발라드,2020-10-18,image197,file197,lyrics197,0
198,너의 이름을,Wanna One (워너원),댄스,2020-10-19,image198,file198,lyrics198,0
199,GOLD,Wanna One (워너원),힙합,2020-10-20,image199,file199,lyrics199,0
200,소나기 (Feat. 10cm),용준형,힙합,2020-10-21,image200,file200,lyrics200,0
201,BOOMERANG (부메랑),Wanna One (워너원),발라드,2020-10-22,image201,file201,lyrics201,0
202,북 (Prod.SLO),"배연서 (WEBSTER B), 오담률 (CHIN CHILLA)",댄스,2020-10-23,image202,file202,lyrics202,0
203,BOSS,NCT U,발라드,2020-10-24,image203,file203,lyrics203,0
204,결혼,문문 (MoonMoon),발라드,2020-10-25,image204,file204,lyrics204,0
205,실례해도 될까요,"장재인, 수호(SUHO)",댄스,2020-10-26,image205,file205,lyrics205,0
206,Action! (Feat. GRAY),DPR LIVE,트로트,2020-10-27,image206,file206,lyrics206,0
207,벚꽃 엔딩,버스커 버스커 (Busker Busker),힙합,2020-10-28,image207,file207,lyrics207,0
208,My Blossom,소유,기타,2020-10-29,image208,file208,lyrics208,0
209,나타나줘 (Feat. 박재범),로꼬 (LOCO),R&B,2020-10-30,image209,file209,lyrics209,0
210,Look,GOT7,R&B,2020-10-31,image210,file210,lyrics210,0
211,꽃 길,빅뱅,R&B,2020-11-01,image211,file211,lyrics211,0
212,She`s gone,정일훈,R&B,2020-11-02,image212,file212,lyrics212,0
213,갖고 싶어,Wanna One (워너원),인디,2020-11-03,image213,file213,lyrics213,0
214,바람,헤이즈 (Heize),힙합,2020-11-04,image214,file214,lyrics214,0
215,다시,이상순,힙합,2020-11-05,image215,file215,lyrics215,0
216,그날의 너에게,노을,기타,2020-11-06,image216,file216,lyrics216,0
217,MIANHAE,헤이즈 (Heize),힙합,2020-11-07,image217,file217,lyrics217,0
218,잘 살길 바래 (With. DAVII),헤이즈 (Heize),일레트로닉,2020-11-08,image218,file218,lyrics218,0
219,별 바람 꽃 태양,마마무 (Mamamoo),R&B,2020-11-09,image219,file219,lyrics219,0
220,고무줄다리기 (Rubber Band),iKON,트로트,2020-11-10,image220,file220,lyrics220,0
221,괜찮냐고,헤이즈 (Heize),발라드,2020-11-11,image221,file221,lyrics221,0
222,내가 더 나빠,헤이즈 (Heize),R&B,2020-11-12,image222,file222,lyrics222,0
223,약속해요 (I.P.U.),Wanna One (워너원),일레트로닉,2020-11-13,image223,file223,lyrics223,0
224,Jenga (Feat. Gaeko),헤이즈 (Heize),발라드,2020-11-14,image224,file224,lyrics224,0
225,별이 빛나는 밤,마마무 (Mamamoo),트로트,2020-11-15,image225,file225,lyrics225,0
226,오늘 취하면 (Feat.창모) (Prod. SUGA),수란 (SURAN),일레트로닉,2020-11-16,image226,file226,lyrics226,0
227,What Lovers Do (Feat. SZA),Maroon 5,발라드,2020-11-17,image227,file227,lyrics227,0
228,널 너무 모르고,헤이즈 (Heize),일레트로닉,2020-11-18,image228,file228,lyrics228,0
229,사랑하지 않은 것처럼,버즈 (Buzz),힙합,2020-11-19,image229,file229,lyrics229,0
230,너였다면,정승환,인디,2020-11-20,image230,file230,lyrics230,0
231,LONG TIME NO SEE,iKON,인디,2020-11-21,image231,file231,lyrics231,0
232,Love Yourself,Justin Bieber,힙합,2020-11-22,image232,file232,lyrics232,0
233,폰서트,10cm,힙합,2020-11-23,image233,file233,lyrics233,0
234,빛이 나 (Shinin`),종현 (JONGHYUN),댄스,2020-11-24,image234,file234,lyrics234,0
235,가을 아침,아이유 (IU),힙합,2020-11-25,image235,file235,lyrics235,0
236,너 하나만 (Feat. 효린),GOT7,일레트로닉,2020-11-26,image236,file236,lyrics236,0
237,피 땀 눈물,방탄소년단,R&B,2020-11-27,image237,file237,lyrics237,0
238,Something Just Like This,"The Chainsmokers, Coldplay",인디,2020-11-28,image238,file238,lyrics238,0
239,행복 (Full Of Happiness),H.O.T,힙합,2020-11-29,image239,file239,lyrics239,0
240,MIC Drop,방탄소년단,R&B,2020-11-30,image240,file240,lyrics240,0
241,Tell Me,인피니트 (Infinite),발라드,2020-12-01,image241,file241,lyrics241,0
242,남이 될 수 있을까,"볼빨간 사춘기, 스무살",발라드,2020-12-02,image242,file242,lyrics242,0
243,봉제선 (Feat. 수란),다이나믹 듀오 (Dynamic Duo),일레트로닉,2020-12-03,image243,file243,lyrics243,0
244,Youth,Troye Sivan,발라드,2020-12-04,image244,file244,lyrics244,0
245,I Want You,샤이니 (SHINee),R&B,2020-12-05,image245,file245,lyrics245,0
246,The Feeling,비투비 (BTOB),기타,2020-12-06,image246,file246,lyrics246,0
247,Forever Young,BLACKPINK,댄스,2020-12-07,image247,file247,lyrics247,0
248,뚜두뚜두 (DDU-DU DDU-DU),BLACKPINK,댄스,2020-12-08,image248,file248,lyrics248,0
249,FAKE LOVE (Rocking Vibe Mix),방탄소년단,힙합,2020-12-09,image249,file249,lyrics249,0
250,11 (Prod. 다이나믹듀오),Wanna One (워너원) - 남바완,R&B,2020-12-10,image250,file250,lyrics250,0
251,영원+1 (Prod. NELL),Wanna One (워너원) - 린온미,인디,2020-12-11,image251,file251,lyrics251,0
252,모래시계 (Prod. 헤이즈),Wanna One (워너원) - 더힐,트로트,2020-12-12,image252,file252,lyrics252,0
253,캥거루 (Kangaroo) (Prod. ZICO),Wanna One (워너원) - 트리플포지션,인디,2020-12-13,image253,file253,lyrics253,0
254,켜줘 (Light),Wanna One (워너원),힙합,2020-12-14,image254,file254,lyrics254,0
255,안녕 (You & I),샤이니 (SHINee),힙합,2020-12-15,image255,file255,lyrics255,0
256,All Day All Night,샤이니 (SHINee),발라드,2020-12-16,image256,file256,lyrics256,0
257,영원히,성시경,기타,2020-12-17,image257,file257,lyrics257,0
258,이 밤의 끝,펀치 (Punch),기타,2020-12-18,트로트,file258,lyrics258,0
259,"다시, 우리",길구봉구,일레트로닉,2020-12-19,image259,file259,lyrics259,0
260,LOVE YA!,혁오 (hyukoh),인디,2020-12-20,image260,file260,lyrics260,0
261,데리러 가 (Good Evening),샤이니 (SHINee),일레트로닉,2020-12-21,image261,file261,lyrics261,0
262,빙글뱅글 (Bingle Bangle),AOA,트로트,2020-12-22,image262,file262,lyrics262,0
263,Lullaby,"신승훈, 비와이(BewhY)",댄스,2020-12-23,image263,file263,lyrics263,0
264,SELFISH (Feat. 슬기 Of Red Velvet),문별,댄스,2020-12-24,image264,file264,lyrics264,0
265,Clip,볼빨간사춘기,댄스,2020-12-25,image265,file265,lyrics265,0
266,"안녕, 곰인형",볼빨간사춘기,발라드,2020-12-26,image266,file266,lyrics266,0
267,야경,볼빨간사춘기,발라드,2020-12-27,image267,file267,lyrics267,0
268,Lonely,볼빨간사춘기,R&B,2020-12-28,image268,file268,lyrics268,0
269,바람사람,볼빨간사춘기,발라드,2020-12-29,image269,file269,lyrics269,0
270,여행,볼빨간사춘기,일레트로닉,2020-12-30,image270,file270,lyrics270,0
271,열애중,벤 (Ben),R&B,2020-12-31,image271,file271,lyrics271,0
272,Outro : Tear,방탄소년단,일레트로닉,2021-01-01,image272,file272,lyrics272,0
273,Additional,폴킴,발라드,2021-01-02,image273,file273,lyrics273,0
274,Intro : Singularity,방탄소년단,댄스,2021-01-03,image274,file274,lyrics274,0
275,Fly Away,"신승훈, 에일리",트로트,2021-01-04,image275,file275,lyrics275,0
276,So What,방탄소년단,R&B,2021-01-05,image276,file276,lyrics276,0
277,Airplane pt.2,방탄소년단,발라드,2021-01-06,image277,file277,lyrics277,0
278,Anpanman,방탄소년단,트로트,2021-01-07,image278,file278,lyrics278,0
279,Magic Shop,방탄소년단,트로트,2021-01-08,image279,file279,lyrics279,0
280,Love Maze,방탄소년단,발라드,2021-01-09,image280,file280,lyrics280,0
281,낙원,방탄소년단,일레트로닉,2021-01-10,image281,file281,lyrics281,0
282,134340,방탄소년단,트로트,2021-01-11,image282,file282,lyrics282,0
283,전하지 못한 진심 (Feat. Steve Aoki),방탄소년단,발라드,2021-01-12,image283,file283,lyrics283,0
284,FAKE LOVE,방탄소년단,발라드,2021-01-13,image284,file284,lyrics284,0
285,우리 서로,김나영,트로트,2021-01-14,image285,file285,lyrics285,0
286,너란 별,케이윌 (K.Will),기타,2021-01-15,image286,file286,lyrics286,0
287,그대들은 어떤 기분이신가요,빈첸 (VINXEN),일레트로닉,2021-01-16,image287,file287,lyrics287,0
288,SINKING DOWN WITH U,빈첸 (VINXEN),댄스,2021-01-17,image288,file288,lyrics288,0
289,무슨 말이 필요해 (Go Away),용준형,댄스,2021-01-18,image289,file289,lyrics289,0
290,LATATA,(여자)아이들,기타,2021-01-19,image290,file290,lyrics290,0
291,우리 둘만 아는,윤건,인디,2021-01-20,image291,file291,lyrics291,0
292,뒤집어버려,"박재범,사이먼 도미닉,로꼬,그레이(GRAY)",R&B,2021-01-21,image292,file292,lyrics292,0
293,빛나리,펜타곤 (PENTAGON),My Paradise,2021-01-22,image293,file293,lyrics293,0
294,"My Paradise (Feat. 청하, VINXEN)",GroovyRoom (그루비룸),R&B,2021-01-23,image294,file294,lyrics294,0
295,잊을만하면,크러쉬 (CRUSH),R&B,2021-01-24,image295,file295,lyrics295,0
296,밤 (Time for the moon night),여자친구 (GFRIEND),댄스,2021-01-25,image296,file296,lyrics296,0
297,별 시 (別 時),박효신,댄스,2021-01-26,image297,file297,lyrics297,0
298,"Graduation (Feat. 이병재 (VINXEN), 이로한 (WEBSTER B))",김하온 (HAON),발라드,2021-01-27,image298,file298,lyrics298,0
299,달리 (Dally) (Feat. GRAY),효린,일레트로닉,2021-01-28,image299,file299,lyrics299,0
300,"별, 그대 (The Only Star)",황치열,일레트로닉,2021-01-29,image300,file300,lyrics300,0
301,그날의 너,러블리즈,힙합,2021-01-30,image301,file301,lyrics301,0
302,욕심,멜로망스(MeloMance),트로트,2021-01-31,image302,file302,lyrics302,0
303,어른,Sondia,트로트,2021-02-01,image303,file303,lyrics303,0
304,"YAHO (Feat. 지구인, 행주) (Prod. Jangsoo, Padi)",윤진영 (Clloud),발라드,2021-02-02,image304,file304,lyrics304,0
305,부를게,JBJ,댄스,2021-02-03,image305,file305,lyrics305,0
306,주지마,"로꼬, 화사",힙합,2021-02-04,image306,file306,lyrics306,0
307,#결별,"길구봉구, 박보람",기타,2021-02-05,image307,file307,lyrics307,0
308,향 (Scentist),빅스 (VIXX),트로트,2021-02-06,image308,file308,lyrics308,0
309,EASY (Feat. 식케이),휘인,일레트로닉,2021-02-07,image309,file309,lyrics309,0
310,휴일 (Lazy),EXO-CBX (첸백시),기타,2021-02-08,image310,file310,lyrics310,0
311,Thursday,EXO-CBX (첸백시),인디,2021-02-09,image311,file311,lyrics311,0
312,솔직히 (Honestly…),에릭남,인디,2021-02-10,image312,file312,lyrics312,0
313,Vroom Vroom,EXO-CBX (첸백시),힙합,2021-02-11,image313,file313,lyrics313,0
314,Monday Blues,EXO-CBX (첸백시),일레트로닉,2021-02-12,image314,file314,lyrics314,0
315,너에게 꽃이다,40 (포티),발라드,2021-02-13,image315,file315,lyrics315,0
316,내일 만나 (Sweet Dreams!),EXO-CBX (첸백시),발라드,2021-02-14,image316,file316,lyrics316,0
317,Why Why Why,펀치 (Punch),댄스,2021-02-15,image317,file317,lyrics317,0
318,"이로한 (Feat. ELO, Jessi) (Prod. Padi)",배연서 (WEBSTER B),일레트로닉,2021-02-16,image318,file318,lyrics318,0
319,Playdate,EXO-CBX (첸백시),기타,2021-02-17,image319,file319,lyrics319,0
320,전혀 (Feat. 우원재) (Prod. GroovyRoom),이병재 (Vinxen),댄스,2021-02-18,image320,file320,lyrics320,0
321,Stand By Your Man,Carla Bruni,트로트,2021-02-19,image321,file321,lyrics321,0
322,Trivia 起 : Just Dance,방탄소년단,발라드,2021-02-20,image322,file322,lyrics322,0
323,Epiphany,방탄소년단,인디,2021-02-21,image323,file323,lyrics323,0
324,Answer : Love Myself,방탄소년단,R&B,2021-02-22,image324,file324,lyrics324,0
325,I`m Fine,방탄소년단,발라드,2021-02-23,image325,file325,lyrics325,0
326,Rumor,국.슈 (국프의 핫이슈),댄스,2021-02-24,image326,file326,lyrics326,0
327,Euphoria,방탄소년단,발라드,2021-02-25,image327,file327,lyrics327,0
328,IDOL,방탄소년단,댄스,2021-02-26,image328,file328,lyrics328,0
329,매트리스,10cm,기타,2021-02-27,image329,file329,lyrics329,0
330,BAE,효린,댄스,2021-02-28,image330,file330,lyrics330,0
331,Attention,Charlie Puth,기타,2021-03-01,image331,file331,lyrics331,0
332,이방인,박원,발라드,2021-03-02,image332,file332,lyrics332,0
333,A-TEEN,세븐틴,인디,2021-03-03,image333,file333,lyrics333,0
334,한(一),(여자)아이들,R&B,2021-03-04,image334,file334,lyrics334,0
335,Mosquito,레드벨벳(Red Velvet),R&B,2021-03-05,image335,file335,lyrics335,0
336,Hit That Drum,레드벨벳(Red Velvet),기타,2021-03-06,image336,file336,lyrics336,0
337,Mr. E,레드벨벳(Red Velvet),트로트,2021-03-07,image337,file337,lyrics337,0
338,Page 0,"태연 (TAEYEON), 멜로망스(Melomance)",인디,2021-03-08,image338,file338,lyrics338,0
339,Blue Lemonade,레드벨벳(Red Velvet),기타,2021-03-09,image339,file339,lyrics339,0
340,휴가,폴킴,댄스,2021-03-10,image340,file340,lyrics340,0
341,태양 (Feat. 챈슬러),개리 (Gary),댄스,2021-03-11,image341,file341,lyrics341,0
342,좋은 날,멜로망스(MeloMance),R&B,2021-03-12,image342,file342,lyrics342,0
343,한 여름의 크리스마스 (With You),레드벨벳(Red Velvet),R&B,2021-03-13,image343,file343,lyrics343,0
344,Power Up,레드벨벳(Red Velvet),R&B,2021-03-14,image344,file344,lyrics344,0
345,flex (Prod. By 기리보이),"기리보이,Kid Milli,NO:EL,스윙스(Swings)",트로트,2021-03-15,image345,file345,lyrics345,0
346,소리,이수현,기타,2021-03-16,image346,file346,lyrics346,0
347,비가 내리면,비투비-블루,인디,2021-03-17,image347,file347,lyrics347,0
348,죽겠다 (KILLING ME),iKON,R&B,2021-03-18,image348,file348,lyrics348,0
349,SoulMate (Feat. 아이유),지코 (ZICO),ANOTHER,2021-03-19,image349,file349,lyrics349,0
350,여보세요,뉴이스트 (NU`EST),발라드,2021-03-20,image350,file350,lyrics350,0
351,"20 Something (PROD. 정동환, 정세운)",정세운,일레트로닉,2021-03-21,image351,file351,lyrics351,0
352,WHERE R U FROM (Feat. MINO),승리,기타,2021-03-22,image352,file352,lyrics352,0
353,바다보러갈래 (SEE SEA),효린,트로트,2021-03-23,image353,file353,lyrics353,0
354,Me No Jay Park,사이먼 도미닉 (Simon Dominic),기타,2021-03-24,image354,file354,lyrics354,0
355,나에게로 와,세븐틴,발라드,2021-03-25,image355,file355,lyrics355,0
356,여름밤의 꿈 (Midnight Summer Dream),마마무 (Mamamoo),트로트,2021-03-26,image356,file356,lyrics356,0
357,우리의 새벽은 낮보다 뜨겁다,세븐틴,R&B,2021-03-27,image357,file357,lyrics357,0
358,Holiday,세븐틴, 3!),2021-03-28,image358,file358,lyrics358,0
359,6 o`clock,볼빨간 사춘기,인디,2021-03-29,image359,file359,lyrics359,0
360,"셋 셀테니 (1, 2, 3!)",승리,댄스,2021-03-30,image360,file360,lyrics360,0
361,여름여름해 (Sunny Summer),여자친구 (GFRIEND),기타,2021-03-31,image361,file361,lyrics361,0
362,어쩌나,세븐틴,트로트,2021-04-01,image362,file362,lyrics362,0
363,Love U,청하,발라드,2021-04-02,image363,file363,lyrics363,0
364,너나 해 (Egotistic),마마무 (Mamamoo),일레트로닉,2021-04-03,image364,file364,lyrics364,0
365,그해 여름,"양다일, 웬디 (WENDY)",힙합,2021-04-04,image365,file365,lyrics365,0
366,Chandelier,Sia,일레트로닉,2021-04-05,image366,file366,lyrics366,0
367,Cereal (Feat. ZICO),크러쉬 (CRUSH),R&B,2021-04-06,image367,file367,lyrics367,0
368,CHILLAX,TWICE,트로트,2021-04-07,image368,file368,lyrics368,0
369,지각,장덕철,기타,2021-04-08,image369,file369,lyrics369,0
370,마치 우린 없었던 사이 (Prod. 정키),다비치,힙합,2021-04-09,image370,file370,lyrics370,0
371,그 날 (Original Ver.),박효신,기타,2021-04-10,image371,file371,lyrics371,0
372,Way Back Home,숀 (SHAUN),일레트로닉,2021-04-11,image372,file372,lyrics372,0
373,장마,마마무 (Mamamoo),인디,2021-04-12,image373,file373,lyrics373,0
374,동화,멜로망스 (MeloMance),일레트로닉,2021-04-13,image374,file374,lyrics374,0
375,1도 없어,에이핑크 (Apink),인디,2021-04-14,image375,file375,lyrics375,0
376,Dance The Night Away,TWICE,인디,2021-04-15,image376,file376,lyrics376,0
377,Lock You Down (Special Track),샤이니 (SHINee),인디,2021-04-16,image377,file377,lyrics377,0
378,Shadow,뉴이스트 W,인디,2021-04-17,image378,file378,lyrics378,0
379,중력달 (Gravity&Moon),뉴이스트 W,인디,2021-04-18,image379,file379,lyrics379,0
380,ylenoL,뉴이스트 W,발라드,2021-04-19,image380,file380,lyrics380,0
381,Signal,뉴이스트 W,발라드,2021-04-20,image381,file381,lyrics381,0
382,그대만 보여서,김나영,발라드,2021-04-21,image382,file382,lyrics382,0
383,북극성 (Polaris),뉴이스트 W,발라드,2021-04-22,image383,file383,lyrics383,0
384,네가 남겨둔 말 (Our Page),샤이니 (SHINee),R&B,2021-04-23,image384,file384,lyrics384,0
385,BAAM,모모랜드 (MOMOLAND),R&B,2021-04-24,image385,file385,lyrics385,0
386,Dejavu,뉴이스트 W,R&B,2021-04-25,image386,file386,lyrics386,0
387,"1, 2, 3","서은광, 이창섭, 임현식, 육성재",일레트로닉,2021-04-26,image387,file387,lyrics387,0
388,정진철,사이먼 도미닉 (Simon Dominic),일레트로닉,2021-04-27,image388,file388,lyrics388,0
389,Yeah,비투비 (BTOB),R&B,2021-04-28,image389,file389,lyrics389,0
390,길에서,양요섭,발라드,2021-04-29,image390,file390,lyrics390,0
391,Circus,태연 (TAEYEON),인디,2021-04-30,image391,file391,lyrics391,0
392,귀가본능 (Feat. JINBO the superfreak),사이먼 도미닉 (Simon Dominic),발라드,2021-05-01,image392,file392,lyrics392,0
393,불행 (Feat. 빈첸 (VINXEN)),오반 (OVAN),댄스,2021-05-02,image393,file393,lyrics393,0
394,Call me,비투비 (BTOB),발라드,2021-05-03,image394,file394,lyrics394,0
395,저녁의 이유 (All Night Long) (Feat. LUCAS of NCT),태연 (TAEYEON),인디,2021-05-04,image395,file395,lyrics395,0
396,Blue Moon,비투비 (BTOB),기타,2021-05-05,image396,file396,lyrics396,0
397,Something New,태연 (TAEYEON),댄스,2021-05-06,image397,file397,lyrics397,0
398,너 없인 안 된다,비투비 (BTOB),발라드,2021-05-07,image398,file398,lyrics398,0
399,LOVE,"린(LYn),한해",트로트,2021-05-08,image399,file399,lyrics399,0
400,See U Later,BLACKPINK,힙합,2021-05-09,image400,file400,lyrics400,0
401,질투나,"거미, 에일리",일레트로닉,2021-05-10,image401,file401,lyrics401,0
402,Really,BLACKPINK,기타,2021-05-11,image402,file402,lyrics402,0
403,오늘은 가지마,임세준,R&B,2021-05-12,image403,file403,lyrics403,0
404,사랑비,김태우,R&B,2021-05-13,image404,file404,lyrics404,0
405,"혼자, 한잔",허각,트로트,2021-05-14,image405,file405,lyrics405,0
406,노래가 늘었어,에일리 (Ailee),힙합,2021-05-15,image406,file406,lyrics406,0
407,비밀번호 486,윤하,트로트,2021-05-16,image407,file407,lyrics407,0
408,보여줄게,에일리 (Ailee),트로트,2021-05-17,image408,file408,lyrics408,0
409,Endless,플라워 (Flower),일레트로닉,2021-05-18,image409,file409,lyrics409,0
410,"눈, 코, 입",태양,발라드,2021-05-19,image410,file410,lyrics410,0
411,...사랑했잖아,린 (LYn),R&B,2021-05-20,image411,file411,lyrics411,0
412,그립고 그립고 그립다,케이윌 (K.will),댄스,2021-05-21,image412,file412,lyrics412,0
413,취하고 싶다 (Prod. By 전태익),황인욱,힙합,2021-05-22,image413,file413,lyrics413,0
414,그대를 사랑하는 10가지 이유,이석훈,힙합,2021-05-23,image414,file414,lyrics414,0
415,서울의 달,김건모,발라드,2021-05-24,image415,file415,lyrics415,0
416,애상,10cm,기타,2021-05-25,image416,file416,lyrics416,0
417,오래된 노래,스탠딩 에그(Standing Egg),일레트로닉,2021-05-26,image417,file417,lyrics417,0
418,사랑했지만,김광석,발라드,2021-05-27,image418,file418,lyrics418,0
419,끝사랑,김범수,발라드,2021-05-28,image419,file419,lyrics419,0
420,꿈에,박정현,R&B,2021-05-29,image420,file420,lyrics420,0
421,사랑했었다 (Still love you),"이홍기, 유회승",힙합,2021-05-30,image421,file421,lyrics421,0
422,홍연,안예은,댄스,2021-05-31,image422,file422,lyrics422,0
423,사랑합니다,팀 (Tim),트로트,2021-06-01,image423,file423,lyrics423,0
424,사랑의 배터리,홍진영,인디,2021-06-02,image424,file424,lyrics424,0
425,미인 (美人),이기찬,인디,2021-06-03,image425,file425,lyrics425,0
426,그녀를 사랑해줘요,하동균,기타,2021-06-04,image426,file426,lyrics426,0
427,"범퍼카 (Feat. NO:EL, Young B)",한요한,트로트,2021-06-05,image427,file427,lyrics427,0
428,고백,정준일,트로트,2021-06-06,image428,file428,lyrics428,0
429,꽃피는 봄이 오면,BMK,R&B,2021-06-07,image429,file429,lyrics429,0
430,헤어지는 중입니다,이은미,일레트로닉,2021-06-08,image430,file430,lyrics430,0
431,봄봄봄,로이킴,트로트,2021-06-09,image431,file431,lyrics431,0
432,Officially Missing You,긱스 (Geeks),기타,2021-06-10,image432,file432,lyrics432,0
433,서쪽 하늘,울랄라세션,R&B,2021-06-11,image433,file433,lyrics433,0
434,내가 너의 곁에 잠시 살았다는 걸,"토이 (Toy), 김연우",R&B,2021-06-12,image434,file434,lyrics434,0
435,불장난,BLACKPINK,기타,2021-06-13,image435,file435,lyrics435,0
436,기다릴게,"하동균, 이정",트로트,2021-06-14,image436,file436,lyrics436,0
437,정류장,버스커 버스커 (Busker Busker),일레트로닉,2021-06-15,image437,file437,lyrics437,0
438,기다리다,윤하,일레트로닉,2021-06-16,image438,file438,lyrics438,0
439,널 사랑하지 않아,어반 자카파 (Urban Zakapa),일레트로닉,2021-06-17,image439,file439,lyrics439,0
440,너를 위해,임재범,R&B,2021-06-18,image440,file440,lyrics440,0
441,듣는편지,40 (포티),일레트로닉,2021-06-19,image441,file441,lyrics441,0
442,입술의 말,엠씨더맥스 (M.C The Max),R&B,2021-06-20,image442,file442,lyrics442,0
443,애인... 있어요,이은미,R&B,2021-06-21,image443,file443,lyrics443,0
444,이별택시,김연우,인디,2021-06-22,image444,file444,lyrics444,0
445,시간을 거슬러,린 (LYn),일레트로닉,2021-06-23,image445,file445,lyrics445,0
446,남자를 몰라,버즈 (Buzz),트로트,2021-06-24,image446,file446,lyrics446,0
447,캔디 (Candy),H.O.T,일레트로닉,2021-06-25,image447,file447,lyrics447,0
448,첫 눈,정준일,기타,2021-06-26,image448,file448,lyrics448,0
449,Let It Go,Idina Menzel,힙합,2021-06-27,image449,file449,lyrics449,0
450,친구라도 될 걸 그랬어,거미,기타,2021-06-28,image450,file450,lyrics450,0
451,잠시만 안녕 (Original),엠씨더맥스 (M.C The Max),일레트로닉,2021-06-29,image451,file451,lyrics451,0
452,바라보기,엠씨더맥스 (M.C The Max),인디,2021-06-30,image452,file452,lyrics452,0
453,감사,김동률,일레트로닉,2021-07-01,image453,file453,lyrics453,0
454,광화문에서 (At Gwanghwamun),규현 (KYUHYUN),기타,2021-07-02,image454,file454,lyrics454,0
455,1월부터 6월까지,윤종신,발라드,2021-07-03,image455,file455,lyrics455,0
456,이미 슬픈 사랑,야다 (Yada),힙합,2021-07-04,image456,file456,lyrics456,0
457,잊지 말아요,백지영,기타,2021-07-05,image457,file457,lyrics457,0
458,나를 사랑했던 사람아,허각,R&B,2021-07-06,image458,file458,lyrics458,0
459,천년의 사랑,박완규,R&B,2021-07-07,image459,file459,lyrics459,0
460,나비잠 (Sweet Dream),"희철, 민경훈",일레트로닉,2021-07-08,image460,file460,lyrics460,0
461,"노땡큐 (Feat. MINO, 사이먼 도미닉, 더콰이엇)",에픽하이 (EPIK HIGH),기타,2021-07-09,image461,file461,lyrics461,0
462,8282,다비치,기타,2021-07-10,image462,file462,lyrics462,0
463,형 (兄),노라조,트로트,2021-07-11,image463,file463,lyrics463,0
464,삭제,이승기,인디,2021-07-12,image464,file464,lyrics464,0
465,죽일 놈 (Guilty),다이나믹 듀오 (Dynamic Duo),트로트,2021-07-13,image465,file465,lyrics465,0
466,가족사진,김진호,발라드,2021-07-14,image466,file466,lyrics466,0
467,사랑을 했다 (LOVE SCENARIO),iKON,발라드,2021-07-15,image467,file467,lyrics467,0
468,flex (Prod. By 기리보이),"기리보이, Kid Milli, NO:EL, 스윙스 (Swings)",트로트,2021-07-16,image468,file468,lyrics468,0
469,"No Brainer (Feat. Justin Bieber, Chance the Rapper & Quavo)",DJ Khaled,인디,2021-07-17,image469,file469,lyrics469,0
470,EX,Kiana Lede,일레트로닉,2021-07-18,image470,file470,lyrics470,0
471,#첫사랑,볼빨간사춘기,R&B,2021-07-19,image471,file471,lyrics471,0
472,The Middle,"Zedd, Grey, Maren Morris",트로트,2021-07-20,image472,file472,lyrics472,0
473,Idontwannabeyouanymore,Billie Eilish,트로트,2021-07-21,image473,file473,lyrics473,0
474,좋았을걸,헤이즈 (Heize),기타,2021-07-22,image474,file474,lyrics474,0
475,How Long,Charlie Puth,트로트,2021-07-23,image475,file475,lyrics475,0
476,잘가라,홍진영,발라드,2021-07-24,image476,file476,lyrics476,0
477,바보에게 바보가,지아 (Zia),힙합,2021-07-25,image477,file477,lyrics477,0
478,자격지심 (Feat. 은하 of 여자친구),박경,R&B,2021-07-26,image478,file478,lyrics478,0
479,아마도 그건,"크러쉬 (CRUSH), 로꼬(LOCO)",인디,2021-07-27,image479,file479,lyrics479,0
480,Despacito,제이플라 (J.Fla),댄스,2021-07-28,image480,file480,lyrics480,0
481,This Christmas,태연 (TAEYEON),기타,2021-07-29,image481,file481,lyrics481,0
482,Best Of Me,방탄소년단,발라드,2021-07-30,image482,file482,lyrics482,0
483,24K Magic,Bruno Mars,트로트,2021-07-31,image483,file483,lyrics483,0
484,Stay,"Zedd, Alessia Cara",트로트,2021-08-01,image484,file484,lyrics484,0
485,iffy (Prod. GroovyRoom),"Sik-K (식케이), pH-1, 박재범",인디,2021-08-02,image485,file485,lyrics485,0
486,Never Be The Same,Camila Cabello,힙합,2021-08-03,image486,file486,lyrics486,0
487,"무제(無題) (Untitled, 2014)",G-Dragon, HERE,2021-08-04,image487,file487,lyrics487,0
488,Bad,Christopher,R&B,2021-08-05,image488,file488,lyrics488,0
489,One Kiss,"Calvin Harris, Dua Lipa",일레트로닉,2021-08-06,image489,file489,lyrics489,0
490,WHERE YOU AT,뉴이스트 W,기타,2021-08-07,image490,file490,lyrics490,0
491,Selfmade Orange (Feat. SUPERBEE),창모 (CHANGMO),R&B,2021-08-08,image491,file491,lyrics491,0
492,Girls Like You (Feat. Cardi B),Maroon 5,일레트로닉,2021-08-09,image492,file492,lyrics492,0
493,FRIENDS,"Marshmello, Anne-Marie",일레트로닉,2021-08-10,image493,file493,lyrics493,0
494,Black Swan,방탄소년단,트로트,2021-08-11,image494,file494,lyrics494,0
495,아무노래 ,지코 (ZICO),기타,2021-08-12,image495,file495,lyrics495,0
496,"다시 난, 여기",백예린,기타,2021-08-13,image496,file496,lyrics496,0
497,너를 사랑하고 있어,백현 (BAEKHYUN),트로트,2021-08-14,image497,file497,lyrics497,0
498,Psycho,레드벨벳(Red Velvet),인디,2021-08-15,image498,file498,lyrics498,0
499,"다시는 사랑하지 않고, 이별에 아파하기 싫어",백지영,트로트,2021-08-16,image499,file499,lyrics499,0
500,Square (2017),백예린,발라드,2021-08-17,image500,file500,lyrics500,0
